<?xml version="1.0" encoding="utf-8"?><shortcuts>
	<shortcut>
		<defaultID>5</defaultID>
		<label>5</label>
		<label2>Kodi Command</label2>
		<icon>common/settings1.png</icon>
		<thumb/>
		<action>ActivateWindow(Settings)</action>
		</shortcut>
	<shortcut>
		<defaultID>31706</defaultID>
		<label>Reload Skin</label>
		<label2>Kodi Command</label2>
		<icon>common/reload-skin.png</icon>
		<thumb/>
		<action>ReloadSkin()</action>
		</shortcut>
	<shortcut>
		<defaultID>plugin.reauth.trakt</defaultID>
		<label>Trakt Authorization</label>
		<label2>Custom item</label2>
		<icon>special://home/media/trakt.png</icon>
		<thumb/>
		<action>RunAddon(plugin.reauth.trakt)</action>
		</shortcut>
	<shortcut>
		<defaultID>13016</defaultID>
		<label>Exit</label>
		<label2>Custom item</label2>
		<icon>common/shutdown1.png</icon>
		<thumb/>
		<action>RunAddOn(plugin.close.kodi)</action>
		</shortcut>
	</shortcuts>