<?xml version="1.0" encoding="utf-8"?><shortcuts>
	<shortcut>
		<label>31051</label>
		<label2>Shows</label2>
		<defaultID>369</defaultID>
		<icon/>
		<thumb/>
		<action>ActivateWindow(Videos,videodb://tvshows/titles/,return)</action>
		<visible>Library.HasContent(Movies) | Library.HasContent(TVShows)</visible>
		</shortcut>
	<shortcut>
		<label>31051</label>
		<label2>Shows</label2>
		<defaultID>369</defaultID>
		<icon/>
		<thumb/>
		<action>ActivateWindow(Videos,&quot;plugin://plugin.video.tmdb.bingie.helper/?info=dir_tv&amp;tmdb_type=None&amp;reload=$INFO[Window(Home).Property(TMDbBingieHelper.Widgets.Reload)]&quot;,return)</action>
		<visible>!Library.HasContent(Movies) + !Library.HasContent(TVShows)</visible>
		</shortcut>
	<shortcut>
		<label>31101</label>
		<label2>Shows</label2>
		<defaultID>369</defaultID>
		<icon/>
		<thumb/>
		<action>ActivateWindow(Videos,special://skin/extras/widgetplaylists/recentlyaddedtvshows.xsp,return)</action>
		<visible>Library.HasContent(Movies) | Library.HasContent(TVShows)</visible>
		</shortcut>
	<shortcut>
		<label>20387</label>
		<label2>Shows</label2>
		<defaultID>20387</defaultID>
		<icon/>
		<thumb/>
		<action>ActivateWindow(Videos,videodb://recentlyaddedepisodes/,return)</action>
		<visible>Library.HasContent(Movies) | Library.HasContent(TVShows)</visible>
		</shortcut>
	<shortcut>
		<label>626</label>
		<label2>Shows</label2>
		<defaultID>626</defaultID>
		<icon/>
		<thumb/>
		<action>ActivateWindow(Videos,videodb://inprogresstvshows/,return)</action>
		<visible>Library.HasContent(Movies) | Library.HasContent(TVShows)</visible>
		</shortcut>
	<shortcut>
		<label>135</label>
		<label2>Shows</label2>
		<defaultID>135</defaultID>
		<icon/>
		<thumb/>
		<action>ActivateWindow(Videos,videodb://tvshows/genres/,return)</action>
		<visible>Library.HasContent(Movies) | Library.HasContent(TVShows)</visible>
		</shortcut>
	<shortcut>
		<label>135</label>
		<label2>Shows</label2>
		<defaultID>135</defaultID>
		<icon/>
		<thumb/>
		<action>ActivateWindow(Videos,&quot;plugin://plugin.video.tmdb.bingie.helper/?info=genres&amp;tmdb_type=tv&amp;reload=$INFO[Window(Home).Property(TMDbBingieHelper.Widgets.Reload)]&quot;,return)</action>
		<visible>!Library.HasContent(Movies) + !Library.HasContent(TVShows)</visible>
		</shortcut>
	</shortcuts>