<?xml version="1.0" encoding="utf-8"?><shortcuts>
	<shortcut>
		<defaultID/>
		<label>Trending</label>
		<label2>Video Add-On</label2>
		<icon>DefaultShortcut.png</icon>
		<thumb>thumb</thumb>
		<action>ActivateWindow(Videos,&quot;plugin://plugin.video.tmdb.bingie.helper/?info=trakt_trending&amp;tmdb_type=movie&amp;widget=true&amp;reload=$INFO[Window(Home).Property(TMDbBingieHelper.Widgets.Reload)]&amp;reload=$INFO[Window(Home).Property(TMDbBingieHelper.Widgets.Reload)]&quot;,return)</action>
		<disabled>True</disabled>
		</shortcut>
	<shortcut>
		<defaultID/>
		<label>Recommended For You</label>
		<label2>Video Add-On</label2>
		<icon>DefaultShortcut.png</icon>
		<thumb>thumb</thumb>
		<action>ActivateWindow(Videos,&quot;plugin://plugin.video.tmdb.bingie.helper/?info=trakt_recommendations&amp;tmdb_type=movie&amp;widget=true&amp;reload=$INFO[Window(Home).Property(TMDbBingieHelper.Widgets.Reload)]&amp;reload=$INFO[Window(Home).Property(TMDbBingieHelper.Widgets.Reload)]&quot;,return)</action>
		</shortcut>
	<shortcut>
		<defaultID/>
		<label>Popular</label>
		<label2>Video Add-On</label2>
		<icon>DefaultShortcut.png</icon>
		<thumb>thumb</thumb>
		<action>ActivateWindow(Videos,&quot;plugin://plugin.video.tmdb.bingie.helper/?info=trakt_popular&amp;tmdb_type=movie&amp;widget=true&amp;reload=$INFO[Window(Home).Property(TMDbBingieHelper.Widgets.Reload)]&amp;reload=$INFO[Window(Home).Property(TMDbBingieHelper.Widgets.Reload)]&quot;,return)</action>
		</shortcut>
	<shortcut>
		<defaultID/>
		<label>Continue Watching</label>
		<label2>Video Add-On</label2>
		<icon>DefaultShortcut.png</icon>
		<thumb>thumb</thumb>
		<action>ActivateWindow(Videos,&quot;plugin://plugin.video.tmdb.bingie.helper/?info=trakt_ondeck_unwatched&amp;tmdb_type=movie&amp;widget=true&amp;reload=$INFO[Window(Home).Property(TMDbBingieHelper.Widgets.Reload)]&amp;reload=$INFO[Window(Home).Property(TMDbBingieHelper.Widgets.Reload)]&quot;,return)</action>
		</shortcut>
	<shortcut>
		<defaultID/>
		<label>Recently Watched</label>
		<label2>Video Add-On</label2>
		<icon>DefaultShortcut.png</icon>
		<thumb>thumb</thumb>
		<action>ActivateWindow(Videos,&quot;plugin://plugin.video.tmdb.bingie.helper/?info=trakt_history&amp;tmdb_type=movie&amp;widget=true&amp;reload=$INFO[Window(Home).Property(TMDbBingieHelper.Widgets.Reload)]&amp;reload=$INFO[Window(Home).Property(TMDbBingieHelper.Widgets.Reload)]&quot;,return)</action>
		</shortcut>
	</shortcuts>