<?xml version="1.0" encoding="utf-8"?><shortcuts>
	<shortcut>
		<defaultID/>
		<label>Next Episodes</label>
		<label2>Video Add-On</label2>
		<icon>DefaultShortcut.png</icon>
		<thumb>thumb</thumb>
		<action>ActivateWindow(Videos,&quot;plugin://plugin.video.tmdb.bingie.helper/?info=trakt_nextepisodes&amp;tmdb_type=tv&amp;widget=true&amp;reload=$INFO[Window(Home).Property(TMDbBingieHelper.Widgets.Reload)]&amp;reload=$INFO[Window(Home).Property(TMDbBingieHelper.Widgets.Reload)]&quot;,return)</action>
		<disabled>True</disabled>
		</shortcut>
	<shortcut>
		<defaultID/>
		<label>Continue Watching - TV</label>
		<label2>Video Add-On</label2>
		<icon>DefaultShortcut.png</icon>
		<thumb>thumb</thumb>
		<action>ActivateWindow(Videos,&quot;plugin://plugin.video.tmdb.bingie.helper/?tmdb_type=tv&amp;list_name=Your+In-Progress&amp;tmdb_id=None&amp;info=trakt_inprogress&amp;sort_by=watched&amp;sort_how=desc&amp;extended=sync&amp;widget=true&amp;reload=$INFO[Window(Home).Property(TMDbBingieHelper.Widgets.Reload)]&amp;reload=$INFO[Window(Home).Property(TMDbBingieHelper.Widgets.Reload)]&quot;,return)</action>
		</shortcut>
	<shortcut>
		<defaultID/>
		<label>New Digital Releases</label>
		<label2>Video Add-On</label2>
		<icon>DefaultShortcut.png</icon>
		<thumb>thumb</thumb>
		<action>ActivateWindow(Videos,&quot;plugin://plugin.video.tmdb.bingie.helper/?list_name=New+Movie+Releases+%28Digital%29&amp;list_slug=new-movie-releases-digital&amp;user_slug=leepmc1984&amp;plugin_category=New+Movie+Releases+%28Digital%29&amp;tmdb_id=None&amp;info=trakt_userlist&amp;sort_by=rank&amp;sort_how=asc&amp;widget=true&amp;reload=$INFO[Window(Home).Property(TMDbBingieHelper.Widgets.Reload)]&amp;reload=$INFO[Window(Home).Property(TMDbBingieHelper.Widgets.Reload)]&quot;,return)</action>
		</shortcut>
	<shortcut>
		<defaultID/>
		<label>New TV Shows</label>
		<label2>Video Add-On</label2>
		<icon>DefaultShortcut.png</icon>
		<thumb>thumb</thumb>
		<action>ActivateWindow(Videos,&quot;plugin://plugin.video.tmdb.bingie.helper/?list_name=New+TV+shows&amp;list_slug=new-tv-shows&amp;user_slug=leepmc1984&amp;plugin_category=New+TV+shows&amp;tmdb_id=None&amp;info=trakt_userlist&amp;sort_by=added&amp;sort_how=desc&amp;widget=true&amp;reload=$INFO[Window(Home).Property(TMDbBingieHelper.Widgets.Reload)]&amp;reload=$INFO[Window(Home).Property(TMDbBingieHelper.Widgets.Reload)]&quot;,return)</action>
		</shortcut>
	</shortcuts>