<?xml version="1.0" encoding="utf-8"?><shortcuts>
	<shortcut>
		<defaultID/>
		<label>Movies</label>
		<label2>Video Add-On</label2>
		<icon>DefaultShortcut.png</icon>
		<thumb>thumb</thumb>
		<action>ActivateWindow(Videos,&quot;plugin://plugin.video.tmdb.bingie.helper/?tmdb_type=movie&amp;list_name=Favourites&amp;tmdb_id=None&amp;info=trakt_favorites&amp;sort_by=added&amp;sort_how=desc&amp;widget=true&amp;reload=$INFO[Window(Home).Property(TMDbBingieHelper.Widgets.Reload)]&amp;reload=$INFO[Window(Home).Property(TMDbBingieHelper.Widgets.Reload)]&quot;,return)</action>
		</shortcut>
	<shortcut>
		<defaultID/>
		<label>TV</label>
		<label2>Video Add-On</label2>
		<icon>DefaultShortcut.png</icon>
		<thumb>thumb</thumb>
		<action>ActivateWindow(Videos,&quot;plugin://plugin.video.tmdb.bingie.helper/?tmdb_type=tv&amp;list_name=Favourites&amp;tmdb_id=None&amp;info=trakt_favorites&amp;sort_by=added&amp;sort_how=desc&amp;widget=true&amp;reload=$INFO[Window(Home).Property(TMDbBingieHelper.Widgets.Reload)]&amp;reload=$INFO[Window(Home).Property(TMDbBingieHelper.Widgets.Reload)]&quot;,return)</action>
		</shortcut>
	<shortcut>
		<defaultID/>
		<label>Recently Watched - Movies</label>
		<label2>Video Add-On</label2>
		<icon>DefaultShortcut.png</icon>
		<thumb>thumb</thumb>
		<action>ActivateWindow(Videos,&quot;plugin://plugin.video.tmdb.bingie.helper/?info=trakt_history&amp;tmdb_type=movie&amp;widget=true&amp;reload=$INFO[Window(Home).Property(TMDbBingieHelper.Widgets.Reload)]&amp;reload=$INFO[Window(Home).Property(TMDbBingieHelper.Widgets.Reload)]&quot;,return)</action>
		</shortcut>
	<shortcut>
		<defaultID/>
		<label>Recently Watched - TV</label>
		<label2>Video Add-On</label2>
		<icon>DefaultShortcut.png</icon>
		<thumb>thumb</thumb>
		<action>ActivateWindow(Videos,&quot;plugin://plugin.video.tmdb.bingie.helper/?info=trakt_history&amp;tmdb_type=tv&amp;widget=true&amp;reload=$INFO[Window(Home).Property(TMDbBingieHelper.Widgets.Reload)]&amp;reload=$INFO[Window(Home).Property(TMDbBingieHelper.Widgets.Reload)]&quot;,return)</action>
		</shortcut>
	<shortcut>
		<defaultID/>
		<label>Continue Watching - Movies</label>
		<label2>Video Add-On</label2>
		<icon>DefaultShortcut.png</icon>
		<thumb>thumb</thumb>
		<action>ActivateWindow(Videos,&quot;plugin://plugin.video.tmdb.bingie.helper/?info=trakt_ondeck_unwatched&amp;tmdb_type=movie&amp;widget=true&amp;reload=$INFO[Window(Home).Property(TMDbBingieHelper.Widgets.Reload)]&amp;reload=$INFO[Window(Home).Property(TMDbBingieHelper.Widgets.Reload)]&quot;,return)</action>
		</shortcut>
	</shortcuts>