<?xml version="1.0" encoding="UTF-8"?>
<window type="dialog">
    <defaultcontrol always="true">300</defaultcontrol>
    <allowoverlay>yes</allowoverlay>
    <onback>Close</onback>

    <controls>
        <control type="image">
            <left>300</left>
            <top>180</top>
            <width>1320</width>
            <height>720</height>
            <texture colordiffuse="DD000000">white.png</texture>
        </control>

        <control type="label">
            <left>340</left>
            <top>220</top>
            <width>1240</width>
            <height>60</height>
            <font>Reg42</font>
            <label>Widget Setup</label>
        </control>

        <control type="textbox">
            <left>340</left>
            <top>300</top>
            <width>1240</width>
            <height>340</height>
            <font>Reg28</font>
            <label>
SUCCESS.

This dialog is now loading correctly
using WindowXMLDialog with the
proper base path on Android.
            </label>
        </control>

        <control type="button" id="300">
            <left>780</left>
            <top>680</top>
            <width>360</width>
            <height>80</height>
            <font>Reg30</font>
            <label>Close</label>
        </control>
    </controls>
</window>
