<?xml version="1.0" encoding="utf-8"?><shortcuts>
	<shortcut>
		<defaultID>var-defmusichub3name</defaultID>
		<label>$VAR[DefMusicHub3Name]</label>
		<label2/>
		<icon>DefaultShortcut.png</icon>
		<thumb/>
		<action>/storage/emulated/0/Android/data/org.xbmc.kodi/files/.kodi/addons/skin.bingie/extras/widgetplaylists/recentlyaddedalbums.xsp</action>
		</shortcut>
	<shortcut>
		<defaultID>31131</defaultID>
		<label>$SKIN[31131|skin.bingie|None]</label>
		<label2/>
		<icon>DefaultShortcut.png</icon>
		<thumb/>
		<action>/storage/emulated/0/Android/data/org.xbmc.kodi/files/.kodi/addons/skin.bingie/extras/widgetplaylists/recentlyaddedartists.xsp</action>
		</shortcut>
	<shortcut>
		<defaultID>31211</defaultID>
		<label>$SKIN[31211|skin.bingie|None]</label>
		<label2/>
		<icon>DefaultShortcut.png</icon>
		<thumb/>
		<action>/storage/emulated/0/Android/data/org.xbmc.kodi/files/.kodi/addons/skin.bingie/extras/widgetplaylists/recentlyaddedsongs.xsp</action>
		</shortcut>
	</shortcuts>