<?xml version="1.0" encoding="utf-8"?><shortcuts>
	<shortcut>
		<defaultID>137</defaultID>
		<label>137</label>
		<label2>Search</label2>
		<icon>shortcuts/search.png</icon>
		<thumb/>
		<action>ActivateWindow(1109,return)</action>
		</shortcut>
	<shortcut>
		<defaultID>10000</defaultID>
		<label>10000</label>
		<label2>Home</label2>
		<icon>shortcuts/home.png</icon>
		<thumb/>
		<action>ActivateWindow(home,return)</action>
		</shortcut>
	<shortcut>
		<defaultID>movies</defaultID>
		<label>342</label>
		<label2>Movies</label2>
		<icon>shortcuts/clapperboard.png</icon>
		<thumb/>
		<action>ActivateWindow(1111,return)</action>
		</shortcut>
	<shortcut>
		<defaultID>shows</defaultID>
		<label>TV Shows</label>
		<label2>Shows</label2>
		<icon>shortcuts/tv.png</icon>
		<thumb/>
		<action>ActivateWindow(1110,return)</action>
		</shortcut>
	<shortcut>
		<defaultID>31534</defaultID>
		<label>Favorites</label>
		<label2>Custom item</label2>
		<icon>shortcuts/mylist.png</icon>
		<thumb/>
		<action>ActivateWindow(1113,return)</action>
		</shortcut>
	<shortcut>
		<defaultID>31025</defaultID>
		<label>$SKIN[31025|skin.bingie|None]</label>
		<label2>Categories</label2>
		<icon>shortcuts/categories.png</icon>
		<thumb/>
		<action>ActivateWindow(1119,return)</action>
		</shortcut>
	</shortcuts>