<?xml version="1.0" encoding="utf-8"?><shortcuts>
	<shortcut>
		<defaultID>var-defnewhubname</defaultID>
		<label>$VAR[DefNewHubName]</label>
		<label2/>
		<icon>DefaultShortcut.png</icon>
		<thumb/>
		<action>$VAR[DefNewHubContent]</action>
		</shortcut>
	<shortcut>
		<defaultID>var-defnewhub1name</defaultID>
		<label>$VAR[DefNewHub1Name]</label>
		<label2/>
		<icon>DefaultShortcut.png</icon>
		<thumb/>
		<action>$VAR[DefNewHub1Content]</action>
		</shortcut>
	<shortcut>
		<defaultID>var-defnewhub2name</defaultID>
		<label>$VAR[DefNewHub2Name]</label>
		<label2/>
		<icon>DefaultShortcut.png</icon>
		<thumb/>
		<action>$VAR[DefNewHub2Content]</action>
		<visible>!Library.HasContent(Movies) + !Library.HasContent(TVShows)</visible>
		</shortcut>
	<shortcut>
		<defaultID>var-defnewhub3name</defaultID>
		<label>$VAR[DefNewHub3Name]</label>
		<label2/>
		<icon>DefaultShortcut.png</icon>
		<thumb/>
		<action>$VAR[DefNewHub3Content]</action>
		<visible>!Library.HasContent(Movies) + !Library.HasContent(TVShows)</visible>
		</shortcut>
	</shortcuts>