<?xml version="1.0" encoding="utf-8"?><shortcuts>
	<shortcut>
		<label>31050</label>
		<label2>Movies</label2>
		<defaultID>135</defaultID>
		<icon/>
		<thumb/>
		<action>ActivateWindow(Videos,videodb://movies/titles/,return)</action>
		<visible>Library.HasContent(Movies) | Library.HasContent(TVShows)</visible>
		</shortcut>
	<shortcut>
		<label>31050</label>
		<label2>Movies</label2>
		<defaultID>135</defaultID>
		<icon/>
		<thumb/>
		<action>ActivateWindow(Videos,&quot;plugin://plugin.video.tmdb.bingie.helper/?info=dir_movie&amp;tmdb_type=None&amp;reload=$INFO[Window(Home).Property(TMDbBingieHelper.Widgets.Reload)]&quot;,return)</action>
		<visible>!Library.HasContent(Movies) + !Library.HasContent(TVShows)</visible>
		</shortcut>
	<shortcut>
		<label>20382</label>
		<label2>Movies</label2>
		<defaultID>135</defaultID>
		<icon/>
		<thumb/>
		<action>ActivateWindow(Videos,videodb://recentlyaddedmovies/,return)</action>
		<visible>Library.HasContent(Movies) | Library.HasContent(TVShows)</visible>
		</shortcut>
	<shortcut>
		<label>31035</label>
		<label2>Movies</label2>
		<defaultID>135</defaultID>
		<icon/>
		<thumb/>
		<action>ActivateWindow(Videos,special://skin/extras/widgetplaylists/inprogressmovies.xsp,return)</action>
		<visible>Library.HasContent(Movies) | Library.HasContent(TVShows)</visible>
		</shortcut>
	<shortcut>
		<label>16101</label>
		<label2>Movies</label2>
		<defaultID>135</defaultID>
		<icon/>
		<thumb/>
		<action>ActivateWindow(Videos,special://skin/extras/widgetplaylists/unwatchedmovies.xsp,return)</action>
		<visible>Library.HasContent(Movies) | Library.HasContent(TVShows)</visible>
		</shortcut>
	<shortcut>
		<label>135</label>
		<label2>Movies</label2>
		<defaultID>135</defaultID>
		<icon/>
		<thumb/>
		<action>ActivateWindow(Videos,videodb://movies/genres/,return)</action>
		<visible>Library.HasContent(Movies) | Library.HasContent(TVShows)</visible>
		</shortcut>
	<shortcut>
		<label>135</label>
		<label2>Movies</label2>
		<defaultID>135</defaultID>
		<icon/>
		<thumb/>
		<action>ActivateWindow(Videos,&quot;plugin://plugin.video.tmdb.bingie.helper/?info=genres&amp;tmdb_type=movie&amp;reload=$INFO[Window(Home).Property(TMDbBingieHelper.Widgets.Reload)]&quot;,return)</action>
		<visible>!Library.HasContent(Movies) + !Library.HasContent(TVShows)</visible>
		</shortcut>
	<shortcut>
		<label>20434</label>
		<label2>Movies</label2>
		<defaultID>135</defaultID>
		<icon/>
		<thumb/>
		<action>ActivateWindow(Videos,videodb://movies/sets/,return)</action>
		<visible>Library.HasContent(Movies) | Library.HasContent(TVShows)</visible>
		</shortcut>
	<shortcut>
		<label>20434</label>
		<label2>Movies</label2>
		<defaultID>135</defaultID>
		<icon/>
		<thumb/>
		<action>ActivateWindow(Videos,&quot;plugin://plugin.video.tmdb.bingie.helper/?info=all_items&amp;tmdb_type=collection&amp;reload=$INFO[Window(Home).Property(TMDbBingieHelper.Widgets.Reload)]&quot;,return)</action>
		<visible>!Library.HasContent(Movies) + !Library.HasContent(TVShows)</visible>
		</shortcut>
	</shortcuts>