<?xml version="1.0" encoding="utf-8"?><shortcuts>
	<shortcut>
		<defaultID>31110</defaultID>
		<label>Movies</label>
		<label2>Custom item</label2>
		<icon>DefaultShortcut.png</icon>
		<thumb/>
		<action>plugin://plugin.video.fenlight/?mode=build_movie_list&amp;action=tmdb_movies_search&amp;query=</action>
		</shortcut>
	<shortcut>
		<defaultID/>
		<label>TV</label>
		<label2>Custom item</label2>
		<icon>DefaultShortcut.png</icon>
		<thumb/>
		<action>plugin://plugin.video.fenlight/?mode=build_tvshow_list&amp;action=trakt_tv_search&amp;query=</action>
		</shortcut>
	</shortcuts>