<?xml version="1.0" encoding="utf-8"?><shortcuts>
	<shortcut>
		<defaultID>plugin.video.fenlight</defaultID>
		<label>Fen Light</label>
		<label2>Video Add-On</label2>
		<icon>DefaultShortcut.png</icon>
		<thumb>thumb</thumb>
		<action>ActivateWindow(Videos,&quot;plugin://plugin.video.fenlight&quot;,return)</action>
		</shortcut>
	<shortcut>
		<defaultID/>
		<label>Next Episodes</label>
		<label2>Video Add-On</label2>
		<icon>DefaultShortcut.png</icon>
		<thumb>thumb</thumb>
		<action>ActivateWindow(Videos,&quot;plugin://plugin.video.fenlight/?name=Next+Episodes&amp;mode=build_next_episode&amp;iconImage=next_episodes&quot;,return)
        </action>
		</shortcut>
	<shortcut>
		<defaultID/>
		<label>Recently Watched</label>
		<label2>Video Add-On</label2>
		<icon>DefaultShortcut.png</icon>
		<thumb>thumb</thumb>
		<action>ActivateWindow(Videos,&quot;plugin://plugin.video.fenlight/?name=Recently+Watched&amp;mode=build_tvshow_list&amp;action=recent_watched_tvshows&amp;iconImage=watched_recent&quot;,return)
        </action>
		</shortcut>
	<shortcut>
		<defaultID/>
		<label>Continue Watching - TV</label>
		<label2>Video Add-On</label2>
		<icon>DefaultShortcut.png</icon>
		<thumb>thumb</thumb>
		<action>ActivateWindow(Videos,&quot;plugin://plugin.video.fenlight/?name=In+Progress&amp;mode=build_tvshow_list&amp;action=in_progress_tvshows&amp;iconImage=in_progress_tvshow&quot;,return)
        </action>
		</shortcut>
	</shortcuts>