<?xml version="1.0" encoding="utf-8"?><shortcuts>
	<shortcut>
		<defaultID/>
		<label>Next Episodes</label>
		<label2>Video Add-On</label2>
		<icon>DefaultShortcut.png</icon>
		<thumb>thumb</thumb>
		<action>ActivateWindow(Videos,&quot;plugin://plugin.video.fenlight/?name=Next+Episodes&amp;mode=build_next_episode&amp;iconImage=next_episodes&quot;,return)
        </action>
		<disabled>True</disabled>
		</shortcut>
	<shortcut>
		<defaultID/>
		<label>Continue Watching - TV</label>
		<label2>Video Add-On</label2>
		<icon>DefaultShortcut.png</icon>
		<thumb>thumb</thumb>
		<action>ActivateWindow(Videos,&quot;plugin://plugin.video.fenlight/?name=In+Progress&amp;mode=build_tvshow_list&amp;action=in_progress_tvshows&amp;iconImage=in_progress_tvshow&quot;,return)
        </action>
		</shortcut>
	<shortcut>
		<defaultID/>
		<label>Latest Releases - Movies</label>
		<label2>Video Add-On</label2>
		<icon>DefaultShortcut.png</icon>
		<thumb>thumb</thumb>
		<action>ActivateWindow(Videos,&quot;plugin://plugin.video.fenlight/?name=Latest+Releases&amp;mode=build_movie_list&amp;action=tmdb_movies_latest_releases&amp;random_support=true&amp;iconImage=dvd&quot;,return)
        </action>
		</shortcut>
	<shortcut>
		<defaultID/>
		<label>TV Premieres</label>
		<label2>Video Add-On</label2>
		<icon>DefaultShortcut.png</icon>
		<thumb>thumb</thumb>
		<action>ActivateWindow(Videos,&quot;plugin://plugin.video.fenlight/?name=Premieres&amp;mode=build_tvshow_list&amp;action=tmdb_tv_premieres&amp;random_support=true&amp;iconImage=fresh&quot;,return)
        </action>
		</shortcut>
	</shortcuts>