<?xml version="1.0" encoding="utf-8"?><shortcuts>
	<shortcut>
		<defaultID>135</defaultID>
		<label>$SKIN[31050|skin.bingie|None]</label>
		<label2>Movies</label2>
		<icon>DefaultShortcut.png</icon>
		<thumb/>
		<action>ActivateWindow(Videos,videodb://movies/titles/,return)</action>
		<visible>Library.HasContent(Movies) | Library.HasContent(TVShows)</visible>
		</shortcut>
	<shortcut>
		<defaultID/>
		<label>All Movies</label>
		<label2>Video Add-On</label2>
		<icon>DefaultShortcut.png</icon>
		<thumb>thumb</thumb>
		<action>ActivateWindow(Videos,&quot;plugin://plugin.video.fenlight/?name=Movies&amp;mode=navigator.main&amp;action=MovieList&amp;iconImage=movies&quot;,return)</action>
		<visible>!Library.HasContent(Movies) + !Library.HasContent(TVShows)</visible>
		</shortcut>
	<shortcut>
		<defaultID>135</defaultID>
		<label>20382</label>
		<label2>Movies</label2>
		<icon>DefaultShortcut.png</icon>
		<thumb/>
		<action>ActivateWindow(Videos,videodb://recentlyaddedmovies/,return)</action>
		<visible>Library.HasContent(Movies) | Library.HasContent(TVShows)</visible>
		</shortcut>
	<shortcut>
		<defaultID>135</defaultID>
		<label>$SKIN[31035|skin.bingie|None]</label>
		<label2>Movies</label2>
		<icon>DefaultShortcut.png</icon>
		<thumb/>
		<action>ActivateWindow(Videos,/storage/emulated/0/Android/data/org.xbmc.kodi/files/.kodi/addons/skin.bingie/extras/widgetplaylists/inprogressmovies.xsp,return)</action>
		<visible>Library.HasContent(Movies) | Library.HasContent(TVShows)</visible>
		</shortcut>
	<shortcut>
		<defaultID>135</defaultID>
		<label>16101</label>
		<label2>Movies</label2>
		<icon>DefaultShortcut.png</icon>
		<thumb/>
		<action>ActivateWindow(Videos,/storage/emulated/0/Android/data/org.xbmc.kodi/files/.kodi/addons/skin.bingie/extras/widgetplaylists/unwatchedmovies.xsp,return)</action>
		<visible>Library.HasContent(Movies) | Library.HasContent(TVShows)</visible>
		</shortcut>
	<shortcut>
		<defaultID>135</defaultID>
		<label>135</label>
		<label2>Movies</label2>
		<icon>DefaultShortcut.png</icon>
		<thumb/>
		<action>ActivateWindow(Videos,videodb://movies/genres/,return)</action>
		<visible>Library.HasContent(Movies) | Library.HasContent(TVShows)</visible>
		</shortcut>
	<shortcut>
		<defaultID>135</defaultID>
		<label>20434</label>
		<label2>Movies</label2>
		<icon>DefaultShortcut.png</icon>
		<thumb/>
		<action>ActivateWindow(Videos,videodb://movies/sets/,return)</action>
		<visible>Library.HasContent(Movies) | Library.HasContent(TVShows)</visible>
		</shortcut>
	</shortcuts>