<?xml version="1.0" encoding="utf-8"?><shortcuts>
	<shortcut>
		<defaultID>5</defaultID>
		<label>5</label>
		<label2>Kodi Command</label2>
		<icon>common/settings1.png</icon>
		<thumb/>
		<action>ActivateWindow(Settings)</action>
		</shortcut>
	<shortcut>
		<defaultID>31706</defaultID>
		<label>Reload Skin</label>
		<label2>Kodi Command</label2>
		<icon>common/reload-skin.png</icon>
		<thumb/>
		<action>ReloadSkin()</action>
		</shortcut>
	<shortcut>
		<defaultID>script.widgetprofiles</defaultID>
		<label>Layout - Fen Light</label>
		<label2>Program</label2>
		<icon>DefaultAddon.png</icon>
		<thumb>thumb</thumb>
		<action>RunAddOn(script.widgetprofiles)</action>
		</shortcut>
	<shortcut>
		<defaultID>13016</defaultID>
		<label>Exit</label>
		<label2>Custom item</label2>
		<icon>common/shutdown1.png</icon>
		<thumb/>
		<action>RunAddOn(plugin.close.kodi)</action>
		</shortcut>
	</shortcuts>