<?xml version="1.0" encoding="utf-8"?><shortcuts>
	<shortcut>
		<defaultID/>
		<label>Trending Recent</label>
		<label2>Video Add-On</label2>
		<icon>DefaultShortcut.png</icon>
		<thumb>thumb</thumb>
		<action>ActivateWindow(Videos,&quot;plugin://plugin.video.fenlight/?name=Trending+Recent&amp;mode=build_movie_list&amp;action=trakt_movies_trending_recent&amp;random_support=true&amp;iconImage=trending_recent&quot;,return)
        </action>
		<disabled>True</disabled>
		</shortcut>
	<shortcut>
		<defaultID/>
		<label>Recommended For You</label>
		<label2>Video Add-On</label2>
		<icon>DefaultShortcut.png</icon>
		<thumb>thumb</thumb>
		<action>ActivateWindow(Videos,&quot;plugin://plugin.video.fenlight/?name=Movies+Recommended&amp;mode=build_movie_list&amp;action=trakt_recommendations&amp;iconImage=trakt&quot;,return)
        </action>
		</shortcut>
	<shortcut>
		<defaultID/>
		<label>Popular</label>
		<label2>Video Add-On</label2>
		<icon>DefaultShortcut.png</icon>
		<thumb>thumb</thumb>
		<action>ActivateWindow(Videos,&quot;plugin://plugin.video.fenlight/?name=Popular&amp;mode=build_movie_list&amp;action=tmdb_movies_popular&amp;random_support=true&amp;iconImage=popular&quot;,return)
        </action>
		</shortcut>
	<shortcut>
		<defaultID/>
		<label>Continue Watching</label>
		<label2>Video Add-On</label2>
		<icon>DefaultShortcut.png</icon>
		<thumb>thumb</thumb>
		<action>ActivateWindow(Videos,&quot;plugin://plugin.video.fenlight/?name=In+Progress&amp;mode=build_movie_list&amp;action=in_progress_movies&amp;iconImage=player&quot;,return)
        </action>
		</shortcut>
	<shortcut>
		<defaultID/>
		<label>Recently Watched</label>
		<label2>Video Add-On</label2>
		<icon>DefaultShortcut.png</icon>
		<thumb>thumb</thumb>
		<action>ActivateWindow(Videos,&quot;plugin://plugin.video.fenlight/?name=Recently+Watched&amp;mode=build_movie_list&amp;action=recent_watched_movies&amp;iconImage=watched_recent&quot;,return)
        </action>
		</shortcut>
	</shortcuts>