<?xml version="1.0" encoding="utf-8"?><shortcuts>
	<shortcut>
		<defaultID/>
		<label>Streaming Networks</label>
		<label2>Video Add-On</label2>
		<icon>DefaultShortcut.png</icon>
		<thumb>image://special%3a%2f%2fhome%2faddons%2fplugin.program.autowidget%2fresources%2fmedia%2ficon%2ffolder-shortcut.png/</thumb>
		<action>ActivateWindow(Videos,&quot;plugin://plugin.program.autowidget/?mode=group&amp;group=fen_streaming_networks-1766030646.4196465&amp;refresh=&amp;reload=&quot;,return)</action>
		</shortcut>
	<shortcut>
		<defaultID/>
		<label>Trending Recent</label>
		<label2>Video Add-On</label2>
		<icon>DefaultShortcut.png</icon>
		<thumb>thumb</thumb>
		<action>ActivateWindow(Videos,&quot;plugin://plugin.video.fenlight/?name=Trending+Recent&amp;mode=build_tvshow_list&amp;action=trakt_tv_trending_recent&amp;tmdb_type=tv&amp;random_support=true&amp;iconImage=trending_recent&quot;,return)</action>
		</shortcut>
	<shortcut>
		<defaultID/>
		<label>Recommended For You</label>
		<label2>Video Add-On</label2>
		<icon>DefaultShortcut.png</icon>
		<thumb>thumb</thumb>
		<action>ActivateWindow(Videos,&quot;plugin://plugin.video.fenlight/?name=TV+Shows+Recommended&amp;mode=build_tvshow_list&amp;action=trakt_recommendations&amp;tmdb_type=tv&amp;iconImage=trakt&quot;,return)</action>
		</shortcut>
	<shortcut>
		<defaultID/>
		<label>Popular</label>
		<label2>Video Add-On</label2>
		<icon>DefaultShortcut.png</icon>
		<thumb>thumb</thumb>
		<action>ActivateWindow(Videos,&quot;plugin://plugin.video.fenlight/?name=Popular&amp;mode=build_tvshow_list&amp;action=tmdb_tv_popular&amp;tmdb_type=tv&amp;random_support=true&amp;iconImage=popular&quot;,return)</action>
		</shortcut>
	</shortcuts>