<?xml version="1.0" encoding="utf-8"?><shortcuts>
	<shortcut>
		<defaultID>137</defaultID>
		<label>137</label>
		<label2>Search</label2>
		<icon>shortcuts/search.png</icon>
		<thumb/>
		<action>ActivateWindow(1109,return)</action>
		</shortcut>
	<shortcut>
		<defaultID>10000</defaultID>
		<label>10000</label>
		<label2>Home</label2>
		<icon>shortcuts/home.png</icon>
		<thumb/>
		<action>ActivateWindow(home,return)</action>
		</shortcut>
	<shortcut>
		<defaultID>movies</defaultID>
		<label>342</label>
		<label2>Movies</label2>
		<icon>shortcuts/clapperboard.png</icon>
		<thumb/>
		<action>ActivateWindow(1111,return)</action>
		</shortcut>
	<shortcut>
		<defaultID>shows</defaultID>
		<label>$SKIN[31590|skin.bingie|None]</label>
		<label2>Shows</label2>
		<icon>shortcuts/tv.png</icon>
		<thumb/>
		<action>ActivateWindow(1110,return)</action>
		</shortcut>
	<shortcut>
		<defaultID>31534</defaultID>
		<label>My lists</label>
		<label2>Custom item</label2>
		<icon>shortcuts/mylist.png</icon>
		<thumb/>
		<action>ActivateWindow(Videos,&quot;plugin://plugin.video.fenlight/?name=My+Lists&amp;mode=navigator.my_content&amp;iconImage=lists&quot;,return)</action>
		</shortcut>
	<shortcut>
		<defaultID>31025</defaultID>
		<label>$SKIN[31025|skin.bingie|None]</label>
		<label2>Custom item</label2>
		<icon>shortcuts/categories.png</icon>
		<thumb/>
		<action>ActivateWindow(Videos,&quot;plugin://plugin.program.autowidget/?mode=group&amp;group=fen_genres-1766035106.0626302&amp;refresh=&amp;reload=&quot;,return)</action>
		</shortcut>
	</shortcuts>