<?xml version="1.0" encoding="utf-8"?><shortcuts>
	<shortcut>
		<defaultID/>
		<label>Movies</label>
		<label2>Video Add-On</label2>
		<icon>DefaultShortcut.png</icon>
		<thumb>image://%2fstorage%2femulated%2f0%2fAndroid%2fdata%2forg.xbmc.kodi%2ffiles%2f.kodi%2faddons%2fplugin.video.fenlight%2fresources%2fmedia%2ficons%2fgenres.png/</thumb>
		<action>ActivateWindow(Videos,&quot;plugin://plugin.video.fenlight/?name=Genres&amp;mode=navigator.genres&amp;menu_type=movie&amp;random_support=true&amp;iconImage=genres&quot;,return)</action>
		</shortcut>
	<shortcut>
		<defaultID/>
		<label>TV</label>
		<label2>Video Add-On</label2>
		<icon>DefaultShortcut.png</icon>
		<thumb>image://%2fstorage%2femulated%2f0%2fAndroid%2fdata%2forg.xbmc.kodi%2ffiles%2f.kodi%2faddons%2fplugin.video.fenlight%2fresources%2fmedia%2ficons%2fgenres.png/</thumb>
		<action>ActivateWindow(Videos,&quot;plugin://plugin.video.fenlight/?name=Genres&amp;mode=navigator.genres&amp;menu_type=tvshow&amp;random_support=true&amp;iconImage=genres&quot;,return)</action>
		</shortcut>
	</shortcuts>