<?xml version="1.0" encoding="utf-8"?><shortcuts>
	<shortcut>
		<defaultID/>
		<label>Movies</label>
		<label2>Video Add-On</label2>
		<icon>DefaultShortcut.png</icon>
		<thumb>thumb</thumb>
		<action>ActivateWindow(Videos,&quot;plugin://plugin.video.fenlight/?name=Genres&amp;mode=navigator.genres&amp;menu_type=movie&amp;random_support=true&amp;iconImage=genres&quot;,return)
        </action>
		</shortcut>
	<shortcut>
		<defaultID/>
		<label>TV</label>
		<label2>Video Add-On</label2>
		<icon>DefaultShortcut.png</icon>
		<thumb>thumb</thumb>
		<action>ActivateWindow(Videos,&quot;plugin://plugin.video.fenlight/?name=Genres&amp;mode=navigator.genres&amp;menu_type=tvshow&amp;random_support=true&amp;iconImage=genres&quot;,return)
        </action>
		</shortcut>
	</shortcuts>